Timestamp_Start,Thread,Node,Operation,Duration_ms
02:39:49.312,21871,vstsn01,NetconfSession::editData,34.25
02:39:49.347,21871,vstsn01,NetconfSession::commit,45.9
02:39:49.312,21895,vstsn01,CncServiceImpl::SetNodeSchedule,80.49
02:39:49.393,21871,vstsn01,NetconfSession::getData,105.86
02:39:49.499,21871,vstsn01,GclParser::parseOperationalGclData,0.26
02:39:49.499,21876,Unknown,NetconfSession::getData,80.18
02:39:49.579,21876,Unknown,GclParser::parseOperationalGclData,0.6
02:39:49.580,21878,Unknown,NetconfSession::getData,37.79
02:39:49.618,21878,Unknown,GclParser::parseOperationalGclData,0.16
02:39:50.305,21871,vstsn01,NetconfSession::editData,30.28
02:39:50.336,21871,vstsn01,NetconfSession::commit,43.4
02:39:50.305,21895,vstsn01,CncServiceImpl::SetNodeSchedule,73.98
02:39:50.379,21871,vstsn01,NetconfSession::getData,108.48
02:39:50.488,21871,vstsn01,GclParser::parseOperationalGclData,0.26
02:39:50.488,21876,Unknown,NetconfSession::getData,74.87
02:39:50.563,21876,Unknown,GclParser::parseOperationalGclData,0.36
02:39:50.564,21878,Unknown,NetconfSession::getData,51.09
02:39:50.615,21878,Unknown,GclParser::parseOperationalGclData,0.17
02:39:50.615,21871,vstsn01,NetconfSession::editData,30.25
02:39:50.646,21871,vstsn01,NetconfSession::commit,41.82
02:39:50.306,21948,vstsn01,CncServiceImpl::SetNodeSchedule,381.86
02:39:50.688,21871,vstsn01,NetconfSession::getData,102.35
02:39:50.790,21871,vstsn01,GclParser::parseOperationalGclData,0.22
02:39:50.791,21876,Unknown,NetconfSession::getData,84.73
02:39:50.876,21876,Unknown,GclParser::parseOperationalGclData,0.4
02:39:50.876,21878,Unknown,NetconfSession::getData,36.04
02:39:50.912,21878,Unknown,GclParser::parseOperationalGclData,0.19
02:39:51.310,21871,vstsn01,NetconfSession::editData,31.2
02:39:51.341,21871,vstsn01,NetconfSession::commit,48.49
02:39:51.310,21895,vstsn01,CncServiceImpl::SetNodeSchedule,80.0
02:39:51.390,21871,vstsn01,NetconfSession::getData,111.53
02:39:51.502,21871,vstsn01,GclParser::parseOperationalGclData,0.39
02:39:51.502,21876,Unknown,NetconfSession::getData,75.36
02:39:51.578,21876,Unknown,GclParser::parseOperationalGclData,0.5
02:39:51.579,21878,Unknown,NetconfSession::getData,35.79
02:39:51.615,21878,Unknown,GclParser::parseOperationalGclData,0.16
02:39:51.615,21871,vstsn01,NetconfSession::editData,29.5
02:39:51.645,21871,vstsn01,NetconfSession::commit,40.5
02:39:51.310,21975,vstsn01,CncServiceImpl::SetNodeSchedule,374.8
02:39:51.685,21871,vstsn01,NetconfSession::getData,102.93
02:39:51.788,21871,vstsn01,GclParser::parseOperationalGclData,0.27
02:39:51.789,21876,Unknown,NetconfSession::getData,81.58
02:39:51.870,21876,Unknown,GclParser::parseOperationalGclData,0.3
02:39:51.871,21878,Unknown,NetconfSession::getData,40.11
02:39:51.911,21878,Unknown,GclParser::parseOperationalGclData,0.27
02:39:51.912,21871,vstsn01,NetconfSession::editData,29.93
02:39:51.942,21871,vstsn01,NetconfSession::commit,45.42
02:39:51.311,21991,vstsn01,CncServiceImpl::SetNodeSchedule,676.2
02:39:51.987,21871,vstsn01,NetconfSession::getData,102.2
02:39:52.090,21871,vstsn01,GclParser::parseOperationalGclData,0.23
02:39:52.090,21876,Unknown,NetconfSession::getData,97.17
02:39:52.188,21876,Unknown,GclParser::parseOperationalGclData,0.34
02:39:52.188,21878,Unknown,NetconfSession::getData,41.97
02:39:52.230,21878,Unknown,GclParser::parseOperationalGclData,0.15
02:39:52.316,21871,vstsn01,NetconfSession::editData,29.42
02:39:52.345,21871,vstsn01,NetconfSession::commit,43.3
02:39:52.315,21895,vstsn01,CncServiceImpl::SetNodeSchedule,73.07
02:39:52.389,21871,vstsn01,NetconfSession::getData,107.7
02:39:52.496,21871,vstsn01,GclParser::parseOperationalGclData,0.24
02:39:52.497,21876,Unknown,NetconfSession::getData,85.9
02:39:52.583,21876,Unknown,GclParser::parseOperationalGclData,0.32
02:39:52.583,21878,Unknown,NetconfSession::getData,36.25
02:39:52.620,21878,Unknown,GclParser::parseOperationalGclData,0.15
02:39:52.620,21871,vstsn01,NetconfSession::editData,29.3
02:39:52.650,21871,vstsn01,NetconfSession::commit,41.5
02:39:52.316,21992,vstsn01,CncServiceImpl::SetNodeSchedule,375.51
02:39:52.691,21871,vstsn01,NetconfSession::getData,120.53
02:39:52.812,21871,vstsn01,GclParser::parseOperationalGclData,0.32
02:39:52.812,21876,Unknown,NetconfSession::getData,90.72
02:39:52.903,21876,Unknown,GclParser::parseOperationalGclData,0.29
02:39:52.904,21878,Unknown,NetconfSession::getData,46.0
02:39:52.950,21878,Unknown,GclParser::parseOperationalGclData,0.17
02:39:52.950,21871,vstsn01,NetconfSession::editData,32.71
02:39:52.983,21871,vstsn01,NetconfSession::commit,53.91
02:39:52.316,22023,vstsn01,CncServiceImpl::SetNodeSchedule,720.84
02:39:53.037,21871,vstsn01,NetconfSession::getData,110.39
02:39:53.148,21871,vstsn01,GclParser::parseOperationalGclData,0.29
02:39:53.148,21876,Unknown,NetconfSession::getData,97.53
02:39:53.246,21876,Unknown,GclParser::parseOperationalGclData,0.37
02:39:53.247,21878,Unknown,NetconfSession::getData,48.32
02:39:53.295,21878,Unknown,GclParser::parseOperationalGclData,0.22
02:39:53.296,21871,vstsn01,NetconfSession::editData,40.78
02:39:53.336,21871,vstsn01,NetconfSession::commit,45.61
02:39:52.317,22024,vstsn01,CncServiceImpl::SetNodeSchedule,1064.74
02:39:53.382,21871,vstsn01,NetconfSession::getData,104.25
02:39:53.487,21871,vstsn01,GclParser::parseOperationalGclData,0.24
02:39:53.487,21876,Unknown,NetconfSession::getData,76.92
02:39:53.564,21876,Unknown,GclParser::parseOperationalGclData,0.34
02:39:53.565,21878,Unknown,NetconfSession::getData,38.46
02:39:53.603,21878,Unknown,GclParser::parseOperationalGclData,0.18
02:39:53.604,21871,vstsn01,NetconfSession::editData,32.86
02:39:53.637,21871,vstsn01,NetconfSession::commit,41.27
02:39:53.319,21895,vstsn01,CncServiceImpl::SetNodeSchedule,359.23
02:39:53.678,21871,vstsn01,NetconfSession::getData,103.65
02:39:53.782,21871,vstsn01,GclParser::parseOperationalGclData,0.21
02:39:53.782,21876,Unknown,NetconfSession::getData,85.42
02:39:53.868,21876,Unknown,GclParser::parseOperationalGclData,0.32
02:39:53.869,21878,Unknown,NetconfSession::getData,46.11
02:39:53.915,21878,Unknown,GclParser::parseOperationalGclData,0.18
02:39:53.915,21871,vstsn01,NetconfSession::editData,28.41
02:39:53.944,21871,vstsn01,NetconfSession::commit,41.46
02:39:53.319,22025,vstsn01,CncServiceImpl::SetNodeSchedule,665.9
02:39:53.985,21871,vstsn01,NetconfSession::getData,103.88
02:39:54.089,21871,vstsn01,GclParser::parseOperationalGclData,0.25
02:39:54.090,21876,Unknown,NetconfSession::getData,78.94
02:39:54.169,21876,Unknown,GclParser::parseOperationalGclData,0.3
02:39:54.169,21878,Unknown,NetconfSession::getData,60.81
02:39:54.230,21878,Unknown,GclParser::parseOperationalGclData,0.24
02:39:54.231,21871,vstsn01,NetconfSession::editData,28.6
02:39:54.260,21871,vstsn01,NetconfSession::commit,52.22
02:39:53.320,22034,vstsn01,CncServiceImpl::SetNodeSchedule,991.79
02:39:54.312,21871,vstsn01,NetconfSession::getData,100.95
02:39:54.413,21871,vstsn01,GclParser::parseOperationalGclData,0.22
02:39:54.413,21876,Unknown,NetconfSession::getData,77.37
02:39:54.491,21876,Unknown,GclParser::parseOperationalGclData,0.64
02:39:54.492,21878,Unknown,NetconfSession::getData,35.67
02:39:54.528,21878,Unknown,GclParser::parseOperationalGclData,0.19
02:39:54.528,21871,vstsn01,NetconfSession::editData,30.46
02:39:54.559,21871,vstsn01,NetconfSession::commit,41.8
02:39:53.321,22035,vstsn01,CncServiceImpl::SetNodeSchedule,1279.81
02:39:54.601,21871,vstsn01,NetconfSession::getData,100.83
02:39:54.702,21871,vstsn01,GclParser::parseOperationalGclData,0.25
02:39:54.702,21876,Unknown,NetconfSession::getData,89.56
02:39:54.792,21876,Unknown,GclParser::parseOperationalGclData,0.39
02:39:54.793,21878,Unknown,NetconfSession::getData,37.28
02:39:54.830,21878,Unknown,GclParser::parseOperationalGclData,0.18
02:39:54.831,21871,vstsn01,NetconfSession::editData,34.88
02:39:54.866,21871,vstsn01,NetconfSession::commit,42.18
02:39:53.322,22036,vstsn01,CncServiceImpl::SetNodeSchedule,1585.8
02:39:54.908,21871,vstsn01,NetconfSession::getData,105.65
02:39:55.014,21871,vstsn01,GclParser::parseOperationalGclData,0.3
02:39:55.014,21876,Unknown,NetconfSession::getData,78.5
02:39:55.093,21876,Unknown,GclParser::parseOperationalGclData,0.31
02:39:55.094,21878,Unknown,NetconfSession::getData,35.97
02:39:55.130,21878,Unknown,GclParser::parseOperationalGclData,0.18
02:39:55.130,21871,vstsn01,NetconfSession::editData,33.93
02:39:55.164,21871,vstsn01,NetconfSession::commit,51.34
02:39:54.324,22024,vstsn01,CncServiceImpl::SetNodeSchedule,891.96
02:39:55.216,21871,vstsn01,NetconfSession::getData,107.05
02:39:55.323,21871,vstsn01,GclParser::parseOperationalGclData,0.28
02:39:55.323,21876,Unknown,NetconfSession::getData,70.22
02:39:55.394,21876,Unknown,GclParser::parseOperationalGclData,0.45
02:39:55.394,21878,Unknown,NetconfSession::getData,36.24
02:39:55.431,21878,Unknown,GclParser::parseOperationalGclData,0.15
02:39:55.431,21871,vstsn01,NetconfSession::editData,30.31
02:39:55.461,21871,vstsn01,NetconfSession::commit,67.52
02:39:54.324,22037,vstsn01,CncServiceImpl::SetNodeSchedule,1205.0
02:39:55.529,21871,vstsn01,NetconfSession::getData,100.12
02:39:55.629,21871,vstsn01,GclParser::parseOperationalGclData,0.25
02:39:55.630,21876,Unknown,NetconfSession::getData,85.6
02:39:55.716,21876,Unknown,GclParser::parseOperationalGclData,0.32
02:39:55.716,21878,Unknown,NetconfSession::getData,42.83
02:39:55.759,21878,Unknown,GclParser::parseOperationalGclData,0.33
02:39:55.760,21871,vstsn01,NetconfSession::editData,30.25
02:39:55.790,21871,vstsn01,NetconfSession::commit,42.5
02:39:54.325,22039,vstsn01,CncServiceImpl::SetNodeSchedule,1507.98
02:39:55.833,21871,vstsn01,NetconfSession::getData,104.2
02:39:55.937,21871,vstsn01,GclParser::parseOperationalGclData,0.28
02:39:55.938,21876,Unknown,NetconfSession::getData,76.47
02:39:56.015,21876,Unknown,GclParser::parseOperationalGclData,0.39
02:39:56.015,21878,Unknown,NetconfSession::getData,36.38
02:39:56.052,21878,Unknown,GclParser::parseOperationalGclData,0.32
02:39:56.053,21871,vstsn01,NetconfSession::editData,30.53
02:39:56.083,21871,vstsn01,NetconfSession::commit,40.49
02:39:54.327,22040,vstsn01,CncServiceImpl::SetNodeSchedule,1796.79
02:39:56.124,21871,vstsn01,NetconfSession::getData,104.74
02:39:56.229,21871,vstsn01,GclParser::parseOperationalGclData,0.36
02:39:56.229,21876,Unknown,NetconfSession::getData,77.68
02:39:56.307,21876,Unknown,GclParser::parseOperationalGclData,0.5
02:39:56.308,21878,Unknown,NetconfSession::getData,34.26
02:39:56.342,21878,Unknown,GclParser::parseOperationalGclData,0.2
02:39:56.343,21871,vstsn01,NetconfSession::editData,29.85
02:39:56.372,21871,vstsn01,NetconfSession::commit,40.81
02:39:54.327,22043,vstsn01,CncServiceImpl::SetNodeSchedule,2086.35
02:39:56.413,21871,vstsn01,NetconfSession::getData,104.16
02:39:56.518,21871,vstsn01,GclParser::parseOperationalGclData,0.26
02:39:56.518,21876,Unknown,NetconfSession::getData,80.36
02:39:56.599,21876,Unknown,GclParser::parseOperationalGclData,0.34
02:39:56.599,21878,Unknown,NetconfSession::getData,37.55
02:39:56.637,21878,Unknown,GclParser::parseOperationalGclData,0.28
02:39:56.638,21871,vstsn01,NetconfSession::editData,30.62
02:39:56.668,21871,vstsn01,NetconfSession::commit,42.47
02:39:54.328,22044,vstsn01,CncServiceImpl::SetNodeSchedule,2382.91
02:39:56.711,21871,vstsn01,NetconfSession::getData,101.31
02:39:56.812,21871,vstsn01,GclParser::parseOperationalGclData,0.28
02:39:56.813,21876,Unknown,NetconfSession::getData,80.53
02:39:56.894,21876,Unknown,GclParser::parseOperationalGclData,0.42
02:39:56.894,21878,Unknown,NetconfSession::getData,35.56
02:39:56.930,21878,Unknown,GclParser::parseOperationalGclData,0.15
02:39:56.930,21871,vstsn01,NetconfSession::editData,29.01
02:39:56.959,21871,vstsn01,NetconfSession::commit,39.12
02:39:55.330,22034,vstsn01,CncServiceImpl::SetNodeSchedule,1668.28
02:39:56.999,21871,vstsn01,NetconfSession::getData,106.78
02:39:57.106,21871,vstsn01,GclParser::parseOperationalGclData,0.36
02:39:57.106,21876,Unknown,NetconfSession::getData,87.49
02:39:57.194,21876,Unknown,GclParser::parseOperationalGclData,0.42
02:39:57.194,21878,Unknown,NetconfSession::getData,39.81
02:39:57.234,21878,Unknown,GclParser::parseOperationalGclData,0.19
02:39:57.235,21871,vstsn01,NetconfSession::editData,35.12
02:39:57.270,21871,vstsn01,NetconfSession::commit,41.1
02:39:55.332,22045,vstsn01,CncServiceImpl::SetNodeSchedule,1978.89
02:39:57.311,21871,vstsn01,NetconfSession::getData,103.91
02:39:57.415,21871,vstsn01,GclParser::parseOperationalGclData,0.72
02:39:57.416,21876,Unknown,NetconfSession::getData,75.83
02:39:57.492,21876,Unknown,GclParser::parseOperationalGclData,0.4
02:39:57.493,21878,Unknown,NetconfSession::getData,38.02
02:39:57.531,21878,Unknown,GclParser::parseOperationalGclData,0.15
02:39:57.531,21871,vstsn01,NetconfSession::editData,28.41
02:39:57.560,21871,vstsn01,NetconfSession::commit,42.14
02:39:55.333,22048,vstsn01,CncServiceImpl::SetNodeSchedule,2269.32
02:39:57.602,21871,vstsn01,NetconfSession::getData,103.78
02:39:57.706,21871,vstsn01,GclParser::parseOperationalGclData,0.26
02:39:57.707,21876,Unknown,NetconfSession::getData,75.47
02:39:57.782,21876,Unknown,GclParser::parseOperationalGclData,0.33
02:39:57.783,21878,Unknown,NetconfSession::getData,35.43
02:39:57.818,21878,Unknown,GclParser::parseOperationalGclData,0.16
02:39:57.819,21871,vstsn01,NetconfSession::editData,29.66
02:39:57.848,21871,vstsn01,NetconfSession::commit,41.24
02:39:55.334,22049,vstsn01,CncServiceImpl::SetNodeSchedule,2556.31
02:39:57.890,21871,vstsn01,NetconfSession::getData,101.82
02:39:57.992,21871,vstsn01,GclParser::parseOperationalGclData,0.24
02:39:57.992,21876,Unknown,NetconfSession::getData,76.54
02:39:58.069,21876,Unknown,GclParser::parseOperationalGclData,0.38
02:39:58.070,21878,Unknown,NetconfSession::getData,36.86
02:39:58.107,21878,Unknown,GclParser::parseOperationalGclData,0.14
02:39:58.107,21871,vstsn01,NetconfSession::editData,31.23
02:39:58.139,21871,vstsn01,NetconfSession::commit,41.41
02:39:55.335,22051,vstsn01,CncServiceImpl::SetNodeSchedule,2845.49
02:39:58.180,21871,vstsn01,NetconfSession::getData,101.56
02:39:58.282,21871,vstsn01,GclParser::parseOperationalGclData,0.25
02:39:58.282,21876,Unknown,NetconfSession::getData,77.79
02:39:58.360,21876,Unknown,GclParser::parseOperationalGclData,0.34
02:39:58.361,21878,Unknown,NetconfSession::getData,47.47
02:39:58.408,21878,Unknown,GclParser::parseOperationalGclData,0.19
02:39:58.409,21871,vstsn01,NetconfSession::editData,30.88
02:39:58.440,21871,vstsn01,NetconfSession::commit,46.26
02:39:55.335,22052,vstsn01,CncServiceImpl::SetNodeSchedule,3151.11
02:39:58.486,21871,vstsn01,NetconfSession::getData,102.78
02:39:58.589,21871,vstsn01,GclParser::parseOperationalGclData,0.25
02:39:58.590,21876,Unknown,NetconfSession::getData,75.31
02:39:58.665,21876,Unknown,GclParser::parseOperationalGclData,0.32
02:39:58.666,21878,Unknown,NetconfSession::getData,38.06
02:39:58.704,21878,Unknown,GclParser::parseOperationalGclData,0.15
02:39:58.704,21871,vstsn01,NetconfSession::editData,28.59
02:39:58.733,21871,vstsn01,NetconfSession::commit,43.46
02:39:55.336,22054,vstsn01,CncServiceImpl::SetNodeSchedule,3440.33
02:39:58.777,21871,vstsn01,NetconfSession::getData,111.4
02:39:58.888,21871,vstsn01,GclParser::parseOperationalGclData,0.24
02:39:58.889,21876,Unknown,NetconfSession::getData,95.69
02:39:58.984,21876,Unknown,GclParser::parseOperationalGclData,0.32
02:39:58.985,21878,Unknown,NetconfSession::getData,36.83
02:39:59.022,21878,Unknown,GclParser::parseOperationalGclData,0.18
02:39:59.023,21871,vstsn01,NetconfSession::editData,30.62
02:39:59.053,21871,vstsn01,NetconfSession::commit,41.58
02:39:56.339,22055,vstsn01,CncServiceImpl::SetNodeSchedule,2756.07
02:39:59.095,21871,vstsn01,NetconfSession::getData,108.24
02:39:59.203,21871,vstsn01,GclParser::parseOperationalGclData,0.22
02:39:59.204,21876,Unknown,NetconfSession::getData,75.89
02:39:59.280,21876,Unknown,GclParser::parseOperationalGclData,0.37
02:39:59.280,21878,Unknown,NetconfSession::getData,35.68
02:39:59.316,21878,Unknown,GclParser::parseOperationalGclData,0.18
02:39:59.317,21871,vstsn01,NetconfSession::editData,29.47
02:39:59.346,21871,vstsn01,NetconfSession::commit,56.18
02:39:56.340,22024,vstsn01,CncServiceImpl::SetNodeSchedule,3062.89
02:39:59.403,21871,vstsn01,NetconfSession::getData,111.85
02:39:59.515,21871,vstsn01,GclParser::parseOperationalGclData,0.26
02:39:59.515,21876,Unknown,NetconfSession::getData,97.81
02:39:59.613,21876,Unknown,GclParser::parseOperationalGclData,0.33
02:39:59.614,21878,Unknown,NetconfSession::getData,37.24
02:39:59.651,21878,Unknown,GclParser::parseOperationalGclData,0.19
02:39:59.652,21871,vstsn01,NetconfSession::editData,28.98
02:39:59.681,21871,vstsn01,NetconfSession::commit,41.66
02:39:56.340,22064,vstsn01,CncServiceImpl::SetNodeSchedule,3381.99
02:39:59.723,21871,vstsn01,NetconfSession::getData,103.93
02:39:59.827,21871,vstsn01,GclParser::parseOperationalGclData,0.36
02:39:59.827,21876,Unknown,NetconfSession::getData,76.67
02:39:59.904,21876,Unknown,GclParser::parseOperationalGclData,0.31
02:39:59.904,21878,Unknown,NetconfSession::getData,39.53
02:39:59.944,21878,Unknown,GclParser::parseOperationalGclData,0.23
02:39:59.945,21871,vstsn01,NetconfSession::editData,31.25
02:39:59.976,21871,vstsn01,NetconfSession::commit,40.75
02:39:56.342,22065,vstsn01,CncServiceImpl::SetNodeSchedule,3674.48
02:40:00.017,21871,vstsn01,NetconfSession::getData,108.37
02:40:00.125,21871,vstsn01,GclParser::parseOperationalGclData,0.21
02:40:00.126,21876,Unknown,NetconfSession::getData,77.09
02:40:00.203,21876,Unknown,GclParser::parseOperationalGclData,0.31
02:40:00.204,21878,Unknown,NetconfSession::getData,36.08
02:40:00.240,21878,Unknown,GclParser::parseOperationalGclData,0.28
02:40:00.241,21871,vstsn01,NetconfSession::editData,32.54
02:40:00.273,21871,vstsn01,NetconfSession::commit,39.91
02:39:56.342,22067,vstsn01,CncServiceImpl::SetNodeSchedule,3970.68
02:40:00.313,21871,vstsn01,NetconfSession::getData,118.72
02:40:00.432,21871,vstsn01,GclParser::parseOperationalGclData,0.36
02:40:00.433,21876,Unknown,NetconfSession::getData,75.61
02:40:00.508,21876,Unknown,GclParser::parseOperationalGclData,0.32
02:40:00.509,21878,Unknown,NetconfSession::getData,36.3
02:40:00.545,21878,Unknown,GclParser::parseOperationalGclData,0.26
02:40:00.546,21871,vstsn01,NetconfSession::editData,28.69
02:40:00.575,21871,vstsn01,NetconfSession::commit,40.81
02:39:56.343,22068,vstsn01,CncServiceImpl::SetNodeSchedule,4272.88
02:40:00.616,21871,vstsn01,NetconfSession::getData,100.58
02:40:00.716,21871,vstsn01,GclParser::parseOperationalGclData,0.26
02:40:00.717,21876,Unknown,NetconfSession::getData,74.59
02:40:00.792,21876,Unknown,GclParser::parseOperationalGclData,0.34
02:40:00.792,21878,Unknown,NetconfSession::getData,52.75
02:40:00.845,21878,Unknown,GclParser::parseOperationalGclData,0.19
02:40:00.845,21871,vstsn01,NetconfSession::editData,31.82
02:40:00.877,21871,vstsn01,NetconfSession::commit,42.2
02:39:56.344,22040,vstsn01,CncServiceImpl::SetNodeSchedule,4575.87
02:40:00.920,21871,vstsn01,NetconfSession::getData,103.81
02:40:01.024,21871,vstsn01,GclParser::parseOperationalGclData,0.21
02:40:01.024,21876,Unknown,NetconfSession::getData,84.58
02:40:01.109,21876,Unknown,GclParser::parseOperationalGclData,0.3
02:40:01.109,21878,Unknown,NetconfSession::getData,46.38
02:40:01.156,21878,Unknown,GclParser::parseOperationalGclData,0.23
02:40:01.156,21871,vstsn01,NetconfSession::editData,35.62
02:40:01.192,21871,vstsn01,NetconfSession::commit,41.94
02:39:56.347,22069,vstsn01,CncServiceImpl::SetNodeSchedule,4886.75
02:40:01.234,21871,vstsn01,NetconfSession::getData,106.15
02:40:01.340,21871,vstsn01,GclParser::parseOperationalGclData,0.23
02:40:01.341,21876,Unknown,NetconfSession::getData,86.41
02:40:01.427,21876,Unknown,GclParser::parseOperationalGclData,0.32
02:40:01.428,21878,Unknown,NetconfSession::getData,54.19
02:40:01.482,21878,Unknown,GclParser::parseOperationalGclData,0.23
02:40:01.483,21871,vstsn01,NetconfSession::editData,34.13
02:40:01.517,21871,vstsn01,NetconfSession::commit,53.58
02:39:57.350,22072,vstsn01,CncServiceImpl::SetNodeSchedule,4220.88
02:40:01.571,21871,vstsn01,NetconfSession::getData,106.12
02:40:01.677,21871,vstsn01,GclParser::parseOperationalGclData,0.3
02:40:01.678,21876,Unknown,NetconfSession::getData,84.2
02:40:01.762,21876,Unknown,GclParser::parseOperationalGclData,0.52
02:40:01.763,21878,Unknown,NetconfSession::getData,40.0
02:40:01.803,21878,Unknown,GclParser::parseOperationalGclData,0.16
02:40:01.803,21871,vstsn01,NetconfSession::editData,31.73
02:40:01.835,21871,vstsn01,NetconfSession::commit,42.14
02:39:57.351,22043,vstsn01,CncServiceImpl::SetNodeSchedule,4526.5
02:40:01.878,21871,vstsn01,NetconfSession::getData,102.12
02:40:01.980,21871,vstsn01,GclParser::parseOperationalGclData,0.22
02:40:01.980,21876,Unknown,NetconfSession::getData,75.68
02:40:02.056,21876,Unknown,GclParser::parseOperationalGclData,0.29
02:40:02.056,21878,Unknown,NetconfSession::getData,36.07
02:40:02.093,21878,Unknown,GclParser::parseOperationalGclData,0.51
02:40:02.094,21871,vstsn01,NetconfSession::editData,29.82
02:40:02.124,21871,vstsn01,NetconfSession::commit,41.01
02:39:57.352,22094,vstsn01,CncServiceImpl::SetNodeSchedule,4813.11
02:40:02.165,21871,vstsn01,NetconfSession::getData,103.76
02:40:02.269,21871,vstsn01,GclParser::parseOperationalGclData,0.35
02:40:02.270,21876,Unknown,NetconfSession::getData,75.62
02:40:02.346,21876,Unknown,GclParser::parseOperationalGclData,0.3
02:40:02.346,21878,Unknown,NetconfSession::getData,36.69
02:40:02.383,21878,Unknown,GclParser::parseOperationalGclData,0.19
02:40:02.383,21871,vstsn01,NetconfSession::editData,27.2
02:40:02.411,21871,vstsn01,NetconfSession::commit,40.14
02:39:57.353,22095,vstsn01,CncServiceImpl::SetNodeSchedule,5098.13
02:40:02.451,21871,vstsn01,NetconfSession::getData,107.52
02:40:02.559,21871,vstsn01,GclParser::parseOperationalGclData,0.29
02:40:02.559,21876,Unknown,NetconfSession::getData,79.6
02:40:02.639,21876,Unknown,GclParser::parseOperationalGclData,0.56
02:40:02.640,21878,Unknown,NetconfSession::getData,36.25
02:40:02.676,21878,Unknown,GclParser::parseOperationalGclData,0.15
02:40:02.677,21871,vstsn01,NetconfSession::editData,33.3
02:40:02.710,21871,vstsn01,NetconfSession::commit,50.33
02:39:57.354,22096,vstsn01,CncServiceImpl::SetNodeSchedule,5407.18
02:40:02.761,21871,vstsn01,NetconfSession::getData,111.26
02:40:02.872,21871,vstsn01,GclParser::parseOperationalGclData,0.23
02:40:02.873,21876,Unknown,NetconfSession::getData,79.89
02:40:02.953,21876,Unknown,GclParser::parseOperationalGclData,0.33
02:40:02.953,21878,Unknown,NetconfSession::getData,47.42
02:40:03.001,21878,Unknown,GclParser::parseOperationalGclData,0.15
02:40:03.001,21871,vstsn01,NetconfSession::editData,36.35
02:40:03.038,21871,vstsn01,NetconfSession::commit,40.85
02:39:57.355,22097,vstsn01,CncServiceImpl::SetNodeSchedule,5724.08
02:40:03.079,21871,vstsn01,NetconfSession::getData,101.52
02:40:03.180,21871,vstsn01,GclParser::parseOperationalGclData,0.23
02:40:03.181,21876,Unknown,NetconfSession::getData,76.91
02:40:03.258,21876,Unknown,GclParser::parseOperationalGclData,0.36
02:40:03.259,21878,Unknown,NetconfSession::getData,36.89
02:40:03.296,21878,Unknown,GclParser::parseOperationalGclData,0.21
02:40:03.296,21871,vstsn01,NetconfSession::editData,28.07
02:40:03.324,21871,vstsn01,NetconfSession::commit,40.57
02:39:57.358,22099,vstsn01,CncServiceImpl::SetNodeSchedule,6007.34
02:40:03.365,21871,vstsn01,NetconfSession::getData,110.85
02:40:03.476,21871,vstsn01,GclParser::parseOperationalGclData,0.26
02:40:03.476,21876,Unknown,NetconfSession::getData,77.7
02:40:03.554,21876,Unknown,GclParser::parseOperationalGclData,0.44
02:40:03.555,21878,Unknown,NetconfSession::getData,36.19
02:40:03.591,21878,Unknown,GclParser::parseOperationalGclData,0.19
02:40:03.592,21871,vstsn01,NetconfSession::editData,28.53
02:40:03.620,21871,vstsn01,NetconfSession::commit,40.61
02:39:57.358,22101,vstsn01,CncServiceImpl::SetNodeSchedule,6303.26
02:40:03.661,21871,vstsn01,NetconfSession::getData,100.55
02:40:03.762,21871,vstsn01,GclParser::parseOperationalGclData,0.31
02:40:03.762,21876,Unknown,NetconfSession::getData,74.91
02:40:03.837,21876,Unknown,GclParser::parseOperationalGclData,0.54
02:40:03.838,21878,Unknown,NetconfSession::getData,35.91
02:40:03.874,21878,Unknown,GclParser::parseOperationalGclData,0.23
02:40:03.875,21871,vstsn01,NetconfSession::editData,32.42
02:40:03.907,21871,vstsn01,NetconfSession::commit,43.28
02:39:57.358,22102,vstsn01,CncServiceImpl::SetNodeSchedule,6592.76
02:40:03.951,21871,vstsn01,NetconfSession::getData,104.96
02:40:04.056,21871,vstsn01,GclParser::parseOperationalGclData,0.26
02:40:04.056,21876,Unknown,NetconfSession::getData,77.87
02:40:04.134,21876,Unknown,GclParser::parseOperationalGclData,0.31
02:40:04.135,21878,Unknown,NetconfSession::getData,36.29
02:40:04.171,21878,Unknown,GclParser::parseOperationalGclData,0.14
02:40:04.172,21871,vstsn01,NetconfSession::editData,32.65
02:40:04.204,21871,vstsn01,NetconfSession::commit,40.77
02:39:58.359,22103,vstsn01,CncServiceImpl::SetNodeSchedule,5886.26
02:40:04.245,21871,vstsn01,NetconfSession::getData,101.76
02:40:04.347,21871,vstsn01,GclParser::parseOperationalGclData,0.42
02:40:04.348,21876,Unknown,NetconfSession::getData,76.85
02:40:04.425,21876,Unknown,GclParser::parseOperationalGclData,0.32
02:40:04.425,21878,Unknown,NetconfSession::getData,37.43
02:40:04.463,21878,Unknown,GclParser::parseOperationalGclData,0.23
02:40:04.463,21871,vstsn01,NetconfSession::editData,31.27
02:40:04.495,21871,vstsn01,NetconfSession::commit,40.45
02:39:58.360,22045,vstsn01,CncServiceImpl::SetNodeSchedule,6175.56
02:40:04.535,21871,vstsn01,NetconfSession::getData,100.83
02:40:04.636,21871,vstsn01,GclParser::parseOperationalGclData,0.24
02:40:04.637,21876,Unknown,NetconfSession::getData,76.04
02:40:04.713,21876,Unknown,GclParser::parseOperationalGclData,0.33
02:40:04.713,21878,Unknown,NetconfSession::getData,36.31
02:40:04.750,21878,Unknown,GclParser::parseOperationalGclData,0.19
02:40:04.750,21871,vstsn01,NetconfSession::editData,28.43
02:40:04.779,21871,vstsn01,NetconfSession::commit,40.54
02:39:58.362,22111,vstsn01,CncServiceImpl::SetNodeSchedule,6457.33
02:40:04.820,21871,vstsn01,NetconfSession::getData,100.95
02:40:04.921,21871,vstsn01,GclParser::parseOperationalGclData,0.23
02:40:04.921,21876,Unknown,NetconfSession::getData,76.19
02:40:04.997,21876,Unknown,GclParser::parseOperationalGclData,0.28
02:40:04.998,21878,Unknown,NetconfSession::getData,35.7
02:40:05.034,21878,Unknown,GclParser::parseOperationalGclData,0.15
02:40:05.034,21871,vstsn01,NetconfSession::editData,30.87
02:40:05.065,21871,vstsn01,NetconfSession::commit,43.59
02:39:58.363,22113,vstsn01,CncServiceImpl::SetNodeSchedule,6746.03
02:40:05.109,21871,vstsn01,NetconfSession::getData,122.41
02:40:05.232,21871,vstsn01,GclParser::parseOperationalGclData,0.23
02:40:05.232,21876,Unknown,NetconfSession::getData,79.3
02:40:05.312,21876,Unknown,GclParser::parseOperationalGclData,0.45
02:40:05.312,21878,Unknown,NetconfSession::getData,40.9
02:40:05.353,21878,Unknown,GclParser::parseOperationalGclData,0.16
02:40:05.354,21871,vstsn01,NetconfSession::editData,40.17
02:40:05.394,21871,vstsn01,NetconfSession::commit,50.82
02:39:58.364,22115,vstsn01,CncServiceImpl::SetNodeSchedule,7080.69
02:40:05.445,21871,vstsn01,NetconfSession::getData,105.23
02:40:05.550,21871,vstsn01,GclParser::parseOperationalGclData,0.35
02:40:05.551,21876,Unknown,NetconfSession::getData,61.53
02:40:05.613,21876,Unknown,GclParser::parseOperationalGclData,0.32
02:40:05.613,21878,Unknown,NetconfSession::getData,40.78
02:40:05.654,21878,Unknown,GclParser::parseOperationalGclData,0.17
02:40:05.655,21871,vstsn01,NetconfSession::editData,29.65
02:40:05.684,21871,vstsn01,NetconfSession::commit,41.94
02:39:58.365,22116,vstsn01,CncServiceImpl::SetNodeSchedule,7361.3
02:40:05.726,21871,vstsn01,NetconfSession::getData,101.48
02:40:05.828,21871,vstsn01,GclParser::parseOperationalGclData,0.24
02:40:05.828,21876,Unknown,NetconfSession::getData,81.39
02:40:05.910,21876,Unknown,GclParser::parseOperationalGclData,0.34
02:40:05.911,21878,Unknown,NetconfSession::getData,36.43
02:40:05.947,21878,Unknown,GclParser::parseOperationalGclData,0.18
02:40:05.948,21871,vstsn01,NetconfSession::editData,29.47
02:40:05.977,21871,vstsn01,NetconfSession::commit,40.02
02:39:58.366,22118,vstsn01,CncServiceImpl::SetNodeSchedule,7650.79
02:40:06.017,21871,vstsn01,NetconfSession::getData,102.66
02:40:06.120,21871,vstsn01,GclParser::parseOperationalGclData,0.21
02:40:06.121,21876,Unknown,NetconfSession::getData,74.12
02:40:06.195,21876,Unknown,GclParser::parseOperationalGclData,0.4
02:40:06.195,21878,Unknown,NetconfSession::getData,41.63
02:40:06.237,21878,Unknown,GclParser::parseOperationalGclData,0.16
02:40:06.237,21871,vstsn01,NetconfSession::editData,29.83
02:40:06.267,21871,vstsn01,NetconfSession::commit,44.18
02:39:58.369,22120,vstsn01,CncServiceImpl::SetNodeSchedule,7942.81
02:40:06.312,21871,vstsn01,NetconfSession::getData,105.17
02:40:06.417,21871,vstsn01,GclParser::parseOperationalGclData,0.33
02:40:06.418,21876,Unknown,NetconfSession::getData,75.32
02:40:06.493,21876,Unknown,GclParser::parseOperationalGclData,0.34
02:40:06.494,21878,Unknown,NetconfSession::getData,39.57
02:40:06.533,21878,Unknown,GclParser::parseOperationalGclData,0.17
02:40:06.534,21871,vstsn01,NetconfSession::editData,29.36
02:40:06.563,21871,vstsn01,NetconfSession::commit,42.57
02:39:58.369,22123,vstsn01,CncServiceImpl::SetNodeSchedule,8236.92
02:40:06.606,21871,vstsn01,NetconfSession::getData,109.06
02:40:06.715,21871,vstsn01,GclParser::parseOperationalGclData,0.26
02:40:06.716,21876,Unknown,NetconfSession::getData,77.06
02:40:06.793,21876,Unknown,GclParser::parseOperationalGclData,0.32
02:40:06.793,21878,Unknown,NetconfSession::getData,46.82
02:40:06.840,21878,Unknown,GclParser::parseOperationalGclData,0.17
02:40:06.841,21871,vstsn01,NetconfSession::editData,29.76
02:40:06.871,21871,vstsn01,NetconfSession::commit,40.76
02:39:58.369,22124,vstsn01,CncServiceImpl::SetNodeSchedule,8541.98
02:40:06.912,21871,vstsn01,NetconfSession::getData,101.66
02:40:07.013,21871,vstsn01,GclParser::parseOperationalGclData,0.26
02:40:07.014,21876,Unknown,NetconfSession::getData,74.93
02:40:07.089,21876,Unknown,GclParser::parseOperationalGclData,0.48
02:40:07.090,21878,Unknown,NetconfSession::getData,37.45
02:40:07.127,21878,Unknown,GclParser::parseOperationalGclData,0.44
